8398632791_5998fcdb71_o_jpg.rf.97a6a62618b9f6b6e3758943d9bf3541.jpg,44,34,315,230,lobsters
7879365372_794440053a_o_jpg.rf.98d483a6a80ba566e02d05389a7aef4f.jpg,53,93,415,350,lobsters

8574355982_130a95b9db_b_jpg.rf.9a2cbb8e968de085ba4621e715867b6e.jpg,48,54,415,267,lobsters

15728638653_9468d1cc36_o_jpg.rf.95daa54e999ad6886cac22d0e124b254.jpg,109,87,304,290,lobsters
8726096078_586b27a564_o_jpg.rf.97414290ed2f7d00f4129b6e69cd13c8.jpg,78,70,406,278,lobsters

8636250541_ec123ac2ee_o_jpg.rf.965a20a19e97b32285fb0b760bd5a819.jpg,79,94,343,248,lobsters
94336458_89115211f1_b_jpg.rf.9495526199031ee20be1f677897a4146.jpg,78,9,385,294,lobsters

9352159863_f63ebcde2e_o_jpg.rf.98ef7db0768b86923e1119942407c709.jpg,0,0,415,301,lobsters
17008308612_44464e78e1_o_jpg.rf.976dafadce4c88cf9184c5d07d28dd94.jpg,101,33,225,190,lobsters
16434811270_5e4dc6bbf2_b_jpg.rf.9722f8d12153c0f349488fbe42d2df19.jpg,74,67,349,242,lobsters
24119973774_43d30abd64_o_jpg.rf.9cf6c57d9a52dc5625f9acd76a380309.jpg,73,29,326,232,lobsters
6863228213_6b932f786d_o_jpg.rf.9c2e2e155aa3a1464b44051d16a77716.jpg,31,24,365,291,lobsters
5878216971_362974b86b_b_jpg.rf.9ab08280cc029509689e202278c8e775.jpg,137,64,370,229,lobsters
18290742633_052ac0ffa3_b_jpg.rf.96944df1bf475d227cba895dd5883f04.jpg,93,89,325,241,lobsters
72375489_f32ce87219_b_jpg.rf.977d2e4e1486db381b653a869eacb53e.jpg,22,200,238,369,lobsters

9193483226_84f3ccd0fc_b_jpg.rf.993d03b110fc73997a4d738764071985.jpg,74,17,387,282,lobsters
16803143638_7aec7dd3b6_o_jpg.rf.9be2a4658efa2fb92276d1ed9b937ef2.jpg,79,22,402,219,lobsters
14750323420_4a9191764a_b_jpg.rf.9cc5b62daa10dc8859e7c527d106d8bb.jpg,35,71,300,243,lobsters
34048157410_6257e21b88_b_jpg.rf.97ab4fd8f0f7cd33e67cc6bf5955e626.jpg,28,44,398,236,lobsters
27488813221_1cdcf16186_o_jpg.rf.9dec7821c0a951ae7f8909ec5d6bdb63.jpg,25,111,305,370,lobsters

6208063742_7f2518a577_o_jpg.rf.9fd561ce2cf07b8e7c110bfbf3b7fb32.jpg,50,45,224,196,lobsters
6208063742_7f2518a577_o_jpg.rf.9fd561ce2cf07b8e7c110bfbf3b7fb32.jpg,185,75,330,225,lobsters
10631742534_05d86a3212_b_jpg.rf.a25854e7a16e57c5ac1224250679ac62.jpg,124,42,370,232,lobsters

14877772861_04334f473a_b_jpg.rf.a1d7cc814012e2aafb72e319f77ebc7f.jpg,62,82,112,136,lobsters
14877772861_04334f473a_b_jpg.rf.a1d7cc814012e2aafb72e319f77ebc7f.jpg,104,87,168,143,lobsters
14877772861_04334f473a_b_jpg.rf.a1d7cc814012e2aafb72e319f77ebc7f.jpg,148,105,247,174,lobsters
14877772861_04334f473a_b_jpg.rf.a1d7cc814012e2aafb72e319f77ebc7f.jpg,179,137,276,241,lobsters
14877772861_04334f473a_b_jpg.rf.a1d7cc814012e2aafb72e319f77ebc7f.jpg,241,142,347,253,lobsters
21012566790_bebc213f39_b_jpg.rf.9f1c6f3240ec30e7dc53c9771d1e396e.jpg,89,115,211,202,lobsters
5954038725_f43ea9393c_o_jpg.rf.a1351f02a887418a9ea167de9c975ed3.jpg,57,71,288,203,lobsters
15519879235_d71c8f0128_b_jpg.rf.a3f614996993c484768f8dc03432382d.jpg,18,60,386,265,lobsters
35739726621_f1dea6b080_b_jpg.rf.9ffedba369a949fd0ed33f980dd2ea5e.jpg,17,38,347,274,lobsters
24494494010_3630c460dd_b_jpg.rf.9df2720925453f150c9c0e4940f789ff.jpg,6,47,377,261,lobsters
33217425761_9cd6c72d39_b_jpg.rf.a2e98ddda449cd2f9183c51ce66fdb0e.jpg,112,76,326,229,lobsters
19636651792_1b1e4220a6_o_jpg.rf.9fa4b024f370bd672d6f10195f1bd88b.jpg,44,19,337,271,lobsters

300104447_e658518761_b_jpg.rf.a1e9564ba6da5fb107f8714f71aa38e6.jpg,49,69,273,213,lobsters

6981006626_47dfbce328_b_jpg.rf.a4ec107ce9cca3c39cda1f0d8b69d16b.jpg,72,35,323,237,lobsters

35752736414_8ae831132b_b_jpg.rf.9fb5abe7223f3ebdee4e79b511b9854c.jpg,126,65,352,224,lobsters


6075037172_266eb3aabf_o_jpg.rf.aab3270b9736260c39ac7e8c009e1533.jpg,23,41,380,274,lobsters

4741720791_c305055059_o_jpg.rf.993c3b80be28510ab600de752e096c82.jpg,26,11,301,241,lobsters
15031788943_d982e1affe_o_jpg.rf.acd8e6eb9ea4741180336e59b137c7ee.jpg,62,20,365,260,lobsters
35253004412_f0151dac96_b_jpg.rf.aba7b3a6d9e781b9af253b37e66d5990.jpg,68,62,321,243,lobsters
18677040396_bffe5262f7_o_jpg.rf.ac3cd5f84fb8a613368330635cefe4e4.jpg,115,75,346,249,lobsters
17176980527_cc12a52ca8_o_jpg.rf.aa9e492fd54d69cff25ea9f106c9f69a.jpg,50,42,341,242,lobsters
4010906137_c0e927d346_o_jpg.rf.a3737213a6128383a4cb4fcedf38956c.jpg,7,0,415,266,lobsters

156351236_f69e8c3507_b_jpg.rf.a78f13f1f732818a4b6bde1d1be665c0.jpg,74,31,344,258,lobsters
6990661277_1551b39620_b_jpg.rf.abc5cde1139aa65acd5291191af8823e.jpg,89,30,370,272,lobsters

14451699649_acac52284b_o_jpg.rf.acf7e1351356a3727b7b2790775c7175.jpg,89,65,341,211,lobsters
4243131908_3c6ab4db0e_o_jpg.rf.ad57c3b884d9334662025df33124a43b.jpg,0,46,415,274,lobsters
7227531626_dcab52bdf9_o_jpg.rf.b033d2c42b9d1e5b5248abb5d4fada4b.jpg,0,57,382,271,lobsters

6743155681_3ed51ebdeb_o_png.rf.adf40f1d797f7013802ce15cdca42980.jpg,12,63,311,386,lobsters
6085346566_387fd327f7_o_jpg.rf.b0f44e880de7881c2297e0b270aa4be0.jpg,71,28,416,298,lobsters
17779845453_3ac4202512_o_jpg.rf.b33581209705c42b35c3d4a23b926ac8.jpg,6,60,239,399,lobsters
4479236437_2f41c55635_o_jpg.rf.b02c46e91ed2358da6b96b86637a7078.jpg,105,31,331,202,lobsters
32988540361_8ca3593ac3_o_jpg.rf.b2a110bcf120f45730aab606bce935d2.jpg,75,108,311,337,lobsters
15399246959_a83935f8d0_b_jpg.rf.ae12be2a9a766c438181dee53a682de9.jpg,16,76,281,245,lobsters
9323263904_49ab856572_o_jpg.rf.b453ad107b0e7f1d33edb6b84d39b4f5.jpg,40,13,373,262,lobsters

17322239462_34beae83b9_o_jpg.rf.b5c27c824b81c77b3acfc4457f8a06af.jpg,12,29,335,277,lobsters
8391383498_10119f464c_o_jpg.rf.b063eacbc49761a982e6e3586ff65fd6.jpg,41,45,415,292,lobsters

32226478971_1e7d580bfe_b_jpg.rf.b591c128c21534a91bf09fa8c34b05ff.jpg,76,52,415,233,lobsters
14780851486_49dc105b2b_b_jpg.rf.b45bc4ce83edbab054df1c8221b7a96d.jpg,30,42,387,261,lobsters
8589522724_be8cfd7cd4_o_jpg.rf.b4ea8c5154e981bf7bdaf8ccad27b9fd.jpg,79,26,369,203,lobsters
8598643438_eb567c8d70_o_jpg.rf.b7e444b070aa7eb90e7e8198fc845124.jpg,28,65,415,292,lobsters
4806489630_de9651e37d_o_jpg.rf.b373ecb4cf6bb663dcc8ceb3ed90c249.jpg,113,89,416,228,lobsters
5611186459_7f84b9ddf8_o_jpg.rf.b62ebcc1061454a2288da900acf2060a.jpg,115,47,266,256,lobsters
26732887331_f96f5cc1de_o_jpg.rf.b6c04d0213d9300d7bc87365f8afe67a.jpg,79,51,364,235,lobsters
7530835078_c37ee17d47_b_jpg.rf.b40ed2656c861a07d46afa28959b072e.jpg,40,17,414,265,lobsters
28364511730_366b52cede_o_jpg.rf.b2b79eb05fb395383edefc12846830e5.jpg,0,3,415,274,lobsters

5536914946_23742135d5_b_jpg.rf.b5bb021718acd845bf8f64b71746439d.jpg,67,90,349,291,lobsters
34617213692_d75fe6e1f1_o_jpg.rf.ba095176e97011f87dc1941e6a02144f.jpg,77,97,269,254,lobsters
4739796912_00a2d71017_o_jpg.rf.b8027957ff274aae714398299a85f3c6.jpg,73,3,369,242,lobsters
8849277513_f4eb16d715_o_jpg.rf.b4007d7420456ebbd19e572523709e99.jpg,169,37,415,241,lobsters
8849277513_f4eb16d715_o_jpg.rf.b4007d7420456ebbd19e572523709e99.jpg,62,66,234,241,lobsters
5924912835_12270b8a40_o_jpg.rf.b64ea7e744c66b1104028f1bc62a2b67.jpg,57,72,366,261,lobsters
3944216000_113a674960_o_jpg.rf.bbbf97d4e592452da1bb5c84e9b94f40.jpg,0,4,265,269,lobsters
3944216000_113a674960_o_jpg.rf.bbbf97d4e592452da1bb5c84e9b94f40.jpg,94,95,415,311,lobsters
5954039161_f719a608fd_o_jpg.rf.bb67e355610187d33c306ae49d496024.jpg,94,66,260,190,lobsters
36558985060_7a4c6b5bf3_o_jpg.rf.b97f299c2d62a407f7265ebd99f10319.jpg,0,16,351,336,lobsters
3269448909_ffe72f43b7_o_jpg.rf.b76419140c19f6d62d5c8ea7cac179cd.jpg,58,16,383,259,lobsters
16964851126_57369110fa_o_jpg.rf.b7120aead9ffb9a0b09ebc23f27202e1.jpg,34,89,391,215,lobsters
14336264363_49b659f176_b_jpg.rf.b14f61704d2f44a3744e5a424b308472.jpg,62,69,312,256,lobsters
33536416434_e12df2d05b_o_jpg.rf.b57baa4dc0fadf1410b9f5b6f5ddb446.jpg,29,66,415,293,lobsters
8514750283_5e5da0e264_o_jpg.rf.bd0ba5f45f693120e8055153419ed374.jpg,43,59,171,192,lobsters
8359192356_971975a6c5_o_jpg.rf.bafdaca3add210aae93b51405bc41b22.jpg,37,28,415,259,lobsters

24271373326_6c92cd8e11_b_jpg.rf.bcfe76963ffbd22b4edd19c11dca1e78.jpg,115,102,334,259,lobsters
12688228974_23fafccd54_b_jpg.rf.bdba177fab4ddc7dba3cbd10f12fec57.jpg,42,36,311,376,lobsters
5061916203_a51185bc56_b_jpg.rf.bdddce1c80e6fa1d527d0465ca7fece9.jpg,79,60,410,204,lobsters
14545210382_48d78691ea_o_jpg.rf.be64b89e818b6e44ae4bcdc8c4c0b043.jpg,34,54,349,265,lobsters
7602417290_4bf5518b59_o_jpg.rf.b7b86112cf950793c8f182ac6d530ce0.jpg,16,11,379,257,lobsters
10116239786_b61e41db21_b_jpg.rf.bf54ed682853927bd6d030e5bf645fa6.jpg,98,48,409,275,lobsters
5009956169_0a55200984_o_jpg.rf.bf7d212ee7dd177469e64c9a411e1d5b.jpg,62,42,408,258,lobsters
6100940916_28006e236b_o_jpg.rf.be078816a792a68af9be0ca8d384b42e.jpg,159,83,359,228,lobsters



14316356624_efe7570b99_o_jpg.rf.bf5c27c651ee28536a2a4df496c6f4b8.jpg,0,26,391,264,lobsters
9438102723_9358d9b81a_o_jpg.rf.bd944b93faff72d32d8ceeef66a8bfe2.jpg,60,75,368,296,lobsters
16880286504_24b3c0b251_o_jpg.rf.c0dba117438d031ce54c499a842c7466.jpg,94,74,347,220,lobsters
34607074940_ffe681ab97_b_jpg.rf.c11ab141032f342b6e71663c37e630cd.jpg,52,58,314,257,lobsters
4502366570_dc5351a1a7_b_jpg.rf.c086c29469f77f5933dc363c2de0263f.jpg,93,95,393,267,lobsters




14091230338_75022fa6bf_o_jpg.rf.c25f50254d6fc53d45c7dccdd6a5a620.jpg,140,35,309,172,lobsters
14091230338_75022fa6bf_o_jpg.rf.c25f50254d6fc53d45c7dccdd6a5a620.jpg,61,47,203,165,lobsters
14091230338_75022fa6bf_o_jpg.rf.c25f50254d6fc53d45c7dccdd6a5a620.jpg,234,77,344,279,lobsters
14091230338_75022fa6bf_o_jpg.rf.c25f50254d6fc53d45c7dccdd6a5a620.jpg,72,138,206,282,lobsters
14091230338_75022fa6bf_o_jpg.rf.c25f50254d6fc53d45c7dccdd6a5a620.jpg,179,151,262,285,lobsters
14091230338_75022fa6bf_o_jpg.rf.c25f50254d6fc53d45c7dccdd6a5a620.jpg,151,0,270,63,lobsters
8660526367_f949619fa9_o_jpg.rf.c130ad3fecbf319bc042032d7a80f7e5.jpg,74,82,400,275,lobsters
14991670424_dc811cdd63_b_jpg.rf.c358fb2786b5369db2305e00335ce9d4.jpg,65,95,330,233,lobsters
6395015065_9a06e5d86e_o_jpg.rf.c0727b34e531fa6eeccbf33cba3b343e.jpg,23,81,415,209,lobsters
27320646013_4208af2bfe_o_jpg.rf.c2982cafeff131bf11da7e5e62d66079.jpg,19,29,338,232,lobsters
15800465986_79057e9daf_b_jpg.rf.c19cca7314ba3eac890f428e61f26c10.jpg,44,79,206,348,lobsters
31299761381_abc0f5bbe4_b_jpg.rf.c3628171cd4acac0dedd11a50e97b371.jpg,22,47,237,273,lobsters
35197804584_cf43a14597_o_jpg.rf.c0e7276f343b1538502d81d792bab1e5.jpg,61,78,310,226,lobsters
16803060508_b15b49855c_o_jpg.rf.c3b0b61400849609d835ee3d1bee44a9.jpg,200,89,316,171,lobsters
22041387451_370549c265_o_jpg.rf.c22a313bee1ea6da851caa1060fc401e.jpg,29,17,415,290,lobsters
11698711056_796b888585_o_jpg.rf.c618bcd84587794040f3ea920454bc3c.jpg,41,85,416,268,lobsters
5554705999_a4ae410c3c_o_jpg.rf.c1ba35d238650896da2b46fdd705fe41.jpg,50,72,415,311,lobsters
7622461260_32a3beb00d_o_jpg.rf.c6a383598ccd333cd1baa9c310f7326e.jpg,68,45,294,154,lobsters
16329276322_fb550b5f16_o_jpg.rf.c6e142efb6fdac3582fe1acdac640632.jpg,41,101,321,223,lobsters
3637027084_b1c0b34e79_o_jpg.rf.c864a954f6ea4b464ac258a94a0a4e52.jpg,64,83,341,246,lobsters

30052968291_dd11814867_o_jpg.rf.c66f0178127eac487bd778c2284db387.jpg,94,36,314,257,lobsters
37070586235_f77a087080_o_jpg.rf.c778d1960ed1b22bfc7a0a6ec128479b.jpg,0,109,296,320,lobsters

17309800788_832c906094_o_jpg.rf.c6d5f51e7c9d05fb44f700a00dc9f5da.jpg,8,29,398,312,lobsters

5079878543_e7f65e3966_b_jpg.rf.c92c46b8209c112950c071a660352290.jpg,17,6,410,161,lobsters
23497472695_47f359687f_o_jpg.rf.c5d807f9d6a344ae2abb7c7718c073a7.jpg,46,114,306,287,lobsters
28377074368_9016b7ccb6_o_jpg.rf.c88c0c473891e06416bc539dc1c6c99a.jpg,23,22,336,210,lobsters

11532328735_7e6e5c0d9a_o_jpg.rf.c9a39db2d0d13018bd837831c6710e4e.jpg,0,9,415,312,lobsters
8560814854_f31ba13b93_o_jpg.rf.c8ca033d157eb3d68a47bb6481f65f25.jpg,43,43,377,225,lobsters
24448952874_56ac85ba1c_b_jpg.rf.c79892db41bd71dd1643c901f33384b8.jpg,84,26,317,249,lobsters
13490215293_6c1f4e9438_o_jpg.rf.c967cc9eee6d0308a3716c3251740c1b.jpg,12,25,415,264,lobsters

14761330484_e23fb1c896_b_jpg.rf.c8d985e8e2acfef24fff4c38afab2a27.jpg,33,0,271,357,lobsters
8552774359_c39efb5cd9_o_jpg.rf.c9756e160b1025e6656daf652719c28c.jpg,91,51,317,196,lobsters
6343230015_80ba2be002_o_jpg.rf.cda3df88d2b6b5ebca7529ffc53497aa.jpg,118,42,316,234,lobsters
39359385160_3bbc4e1174_o_jpg.rf.ccaa2f6f5bd82b28cee1c426bccbb076.jpg,77,62,301,217,lobsters
29893286231_a787ba683d_b_jpg.rf.cf6b045568fabaf323e1f391b1194240.jpg,9,73,401,278,lobsters
37123421075_6d919a67b9_b_jpg.rf.cc49e16a44c0e9863e2a9fbfa6fe634a.jpg,55,34,300,195,lobsters
5702647389_13f7ddb7e5_o_jpg.rf.ce412f6f9c5ae1ccb87a55ef226af4c2.jpg,68,35,330,218,lobsters
16459611062_aaf0e540d8_o_jpg.rf.ccd4eac5494c91bdbecd998dcf8d25df.jpg,64,122,346,292,lobsters
23619829272_45f34ba6a5_o_jpg.rf.ce77964014f8ec80777813649b10c058.jpg,81,72,376,211,lobsters
21453481839_0560f488eb_b_jpg.rf.ceaf3f3f9b6b55b053044485372ce0b6.jpg,71,36,312,232,lobsters
11915259183_a520da138e_o_jpg.rf.cec05af0c00cd2e2977f7160ed78c055.jpg,69,65,341,220,lobsters


344263752_4383b7ec1a_o_jpg.rf.cff9db7a9e9b93642d1cadfe8bb1ca41.jpg,33,43,342,255,lobsters
39268520744_893f524a23_b_jpg.rf.d27c4780e7c2fe7381749fdd6320dcbd.jpg,68,44,393,187,lobsters
8165190023_c199d2f938_o_jpg.rf.d08c628c0493664425a95e00102fefa9.jpg,83,63,344,242,lobsters
14262313477_da4100b96a_b_jpg.rf.c9fe7eb3ebd0701cb9c3dc8bcba04f7e.jpg,13,51,396,305,lobsters
8430537525_5b474d645f_o_jpg.rf.d21dd8f48b04d0b334e5ceedc3f180f5.jpg,142,56,329,192,lobsters
5369100742_3354ce75a6_o_jpg.rf.d1950c4ef925fedb923eb83a01f84029.jpg,0,22,390,279,lobsters


17784853812_2338e10593_o_jpg.rf.d33cedbb5e9e70b699bd39233b297995.jpg,76,81,350,251,lobsters
1426998630_6edd593eb2_o_jpg.rf.d2e2c7c6f79a9f6436f1c9ec7ec0049b.jpg,34,50,364,296,lobsters
43933087422_bf9ba23cd1_o_jpg.rf.cf87092973476891e322a84a9ca8296e.jpg,67,101,341,222,lobsters
3475718211_ccdef7e18c_o_jpg.rf.d4516ee14cd402a4f73195b30bd7aec7.jpg,72,96,343,206,lobsters

7998481618_91ea39064d_b_jpg.rf.cdca9e5fae983bcd43b604630149cbae.jpg,0,38,376,241,lobsters
9303135593_41a73bccd5_b_jpg.rf.cff2d17af474f17a7c0de14bff607835.jpg,103,57,321,249,lobsters
16942147025_795c1a10b2_b_jpg.rf.d3575c2c19fc57f349c33d8b439d821a.jpg,61,41,330,233,lobsters

9982809535_45ac32ea25_b_jpg.rf.cc9d2b61c313d4db4cdd0dc9f786663b.jpg,22,30,403,296,lobsters
7957416628_d0edee24cb_o_jpg.rf.d46e0ec6f6f079fadee31bbcdc24a2bc.jpg,55,40,274,192,lobsters
22869189174_98ed3629fb_o_jpg.rf.d6784c8630c66da41956d2372e825574.jpg,48,27,304,229,lobsters
2905251249_c98f612723_o_jpg.rf.ce898efab31b884e2c0acda5c37299d0.jpg,165,135,386,299,lobsters
36772283981_fb341b265a_o_jpg.rf.d33ed8c37d66efe5b982d14f23d952e7.jpg,88,54,361,276,lobsters

8855231806_9efd790e60_o_jpg.rf.d5116b2f1a878b7415353b612dd99831.jpg,15,42,352,297,lobsters
6909116546_19e89e4743_o_jpg.rf.d88f6d566d5c685310bd30e0f0a460c0.jpg,0,96,314,411,lobsters

16370698253_d528cf7b12_o_jpg.rf.d9d015c78664ef8126a28958fa874181.jpg,35,83,416,249,lobsters
8529383015_58b73f25d8_o_jpg.rf.d6a08dff0e62288a8aa39ae68822e553.jpg,11,8,390,253,lobsters
3222470021_1ef9b443ac_o_jpg.rf.d77b433fb31ef5d3c775e6467b688d69.jpg,71,105,416,270,lobsters
7131317045_7dd2fa249f_o_jpg.rf.da46072826b3ccc0bd41baaa664f3584.jpg,60,34,364,270,lobsters
16989978241_c6439e322e_o_jpg.rf.d86f718ed2d892efd46ff2da3d2b5931.jpg,279,144,363,235,lobsters

14702719498_6f4e28dc54_o_jpg.rf.d4dc7392133702fad0f7a595414abbe1.jpg,104,87,205,153,lobsters
9742157668_d10877d97b_o_jpg.rf.d90aee16eb6c4ea199e1c4ecf65bb2d8.jpg,0,54,289,381,lobsters
8097732866_794eecd380_o_jpg.rf.da044d2977722c6f442428e9f8592a02.jpg,0,96,301,385,lobsters
7902468970_701e5cbe14_o_jpg.rf.d541013212ad893088f104b195c4cf9c.jpg,80,0,350,395,lobsters
14704182767_ec780ff8d0_o_jpg.rf.dd242db7a4904fdb7d839a1b03d5d0c1.jpg,98,130,171,188,lobsters
14704182767_ec780ff8d0_o_jpg.rf.dd242db7a4904fdb7d839a1b03d5d0c1.jpg,198,152,246,192,lobsters
14704182767_ec780ff8d0_o_jpg.rf.dd242db7a4904fdb7d839a1b03d5d0c1.jpg,161,152,202,204,lobsters

17298116946_d4024fdf6b_o_jpg.rf.d499f5c111a5da0b7085b1bb6bafb2e0.jpg,118,65,376,255,lobsters
6783051236_4993ed1fa9_o_jpg.rf.dc8fce9ceb62cc8a215cae989f0ece2e.jpg,44,31,341,176,lobsters
14446719628_5b39fb1bee_b_jpg.rf.db9b5eead30dcd450756c9ce20470e1a.jpg,55,39,364,209,lobsters
22870534644_bb86f94ee6_o_jpg.rf.daab66a1e47f241a6465b8aa1a85528a.jpg,0,110,267,293,lobsters
33809969041_cab9ff511c_o_jpg.rf.dc64ba43cfaa8e4e5dd9c646a3bb54b7.jpg,0,26,415,267,lobsters
8488478286_2d5bdc8517_o_jpg.rf.dcd7f06c6fcca8619f742aef031ba237.jpg,186,78,278,171,lobsters
19016842378_99c087ac40_o_jpg.rf.dd1d21313138fbd65aa38d407016ea04.jpg,113,10,310,224,lobsters
4592369790_a4304b2ab0_o_jpg.rf.dc2b8e23ba9a909e04ba3a11ae4922a5.jpg,140,6,313,139,lobsters
15735911578_40da192f49_o_jpg.rf.df211f96c9467f57465d1660ca5e36a8.jpg,0,111,408,339,lobsters
20462852738_bca823e03b_o_jpg.rf.dfb8d4c28aaf7b8fb07bb6619e26101b.jpg,0,69,415,258,lobsters

23604445230_5e0e77839d_o_jpg.rf.d89fee3a9accf757c2bf6103d6a188ba.jpg,121,38,415,255,lobsters
6185386301_1f0a5804e5_o_jpg.rf.df4a6bc54831312579bf86fff6b74172.jpg,52,48,414,226,lobsters
14648316171_a999597dba_o_jpg.rf.dcc7e3e9e1686651e11ae1def8b30ebe.jpg,28,93,362,311,lobsters
8426417212_2df60fdb60_b_jpg.rf.decd24f4d6eac815226fe43624bbfaa2.jpg,194,25,371,140,lobsters
8426417212_2df60fdb60_b_jpg.rf.decd24f4d6eac815226fe43624bbfaa2.jpg,36,44,228,171,lobsters
8426417212_2df60fdb60_b_jpg.rf.decd24f4d6eac815226fe43624bbfaa2.jpg,313,61,415,169,lobsters
8426417212_2df60fdb60_b_jpg.rf.decd24f4d6eac815226fe43624bbfaa2.jpg,252,113,389,214,lobsters
15195574475_a02ab5ae15_b_jpg.rf.e0b41d3c33e7d387445f53dadc8f2aef.jpg,95,56,321,177,lobsters

29835754542_22996906e5_o_jpg.rf.d914cd60a8499466a1e8ae77d107b283.jpg,41,5,415,261,lobsters
33184193916_a6468df30c_o_jpg.rf.dceb404a8a42f42ca3db28967fd85c3b.jpg,46,46,272,215,lobsters

15308343500_d98ca2a904_o_jpg.rf.dd383bf6b0377205293c04126a613c19.jpg,269,18,411,223,lobsters
44643578271_67ffce5982_b_jpg.rf.e106bdc3efd7625de01fb5d058f788e9.jpg,15,152,324,311,lobsters

110889295_ed68165af8_o_jpg.rf.e1c22881216778b3662ad093772774c3.jpg,51,29,402,294,lobsters
398516501_1005190cc0_o_jpg.rf.e2f7ad7485b54226b10034b3c21ba9c0.jpg,22,17,372,227,lobsters
6343230323_51aa03f422_o_jpg.rf.e258e98b4ebfdeb55b4cfcffc6829cd9.jpg,38,90,348,276,lobsters
14706691859_ef81a6fa4c_b_jpg.rf.e2873364001013a21c5d9c7f4bc41891.jpg,95,24,335,249,lobsters
14915007572_bb91a78520_b_jpg.rf.decfe874920a06e191b1b656097fdb3a.jpg,64,46,334,257,lobsters
33411250002_af13021205_o_jpg.rf.e78d30d6b274ed3106569b713de4c0af.jpg,21,18,334,247,lobsters
16513070037_845c61c7c3_o_jpg.rf.e1f83871978243b96e5499b1ff8e0bb7.jpg,30,73,415,255,lobsters


21480758238_381d2e54a7_b_jpg.rf.e6dee95276f1a1ca00d95af9aac73fa5.jpg,34,132,252,318,lobsters
16210525727_01a447bf6a_b_jpg.rf.e4a12ba8ea720543ddce043361e13063.jpg,19,111,359,340,lobsters
23304875690_ba3bbc6f5d_b_jpg.rf.e4d7cba9c8c922f1da3086ed9d18f427.jpg,0,5,396,233,lobsters
36326118766_1376e1fe47_b_jpg.rf.e61eb6552287047b0ba714d163df6267.jpg,132,72,299,264,lobsters
14141341290_3ee575b08a_o_jpg.rf.e82931cf884ed3a13ca41ab160b72214.jpg,99,105,387,232,lobsters
9885466504_02a251d1f7_o_jpg.rf.e84a0ba5f097d8af8baebc7df1307d15.jpg,52,34,309,213,lobsters
14621957488_e94bec9b48_o_jpg.rf.e7a749879eec62310349951c6d331cae.jpg,47,123,206,237,lobsters
33094259322_3ee4fe2c0d_o_jpg.rf.e41ff741deb3c0d883489dba3301e19e.jpg,147,121,362,274,lobsters

12597387514_8353f8745c_o_jpg.rf.ea145cd52e7e53f7a8cfd0e575ffa3e0.jpg,27,12,415,239,lobsters
32697269702_00bdd6b2bf_o_jpg.rf.e29674988810cb24bbd2c397a48362a4.jpg,44,33,407,262,lobsters
6051342479_dde2c2c594_o_jpg.rf.e52987b8a0bd7fbe3388e7e5de566de6.jpg,4,70,350,234,lobsters
3620598105_922783df70_b_jpg.rf.eb11f767c32d878b608b3f1fa68328f4.jpg,32,65,391,252,lobsters
6188675907_a0f6070c6f_o_jpg.rf.e9f9758629409a4f3b3ee67d08c8c3ce.jpg,43,1,403,252,lobsters
7653360822_6fc59d0e30_o_jpg.rf.eb74f129f314f5a6ce76d8d68de55656.jpg,56,88,369,286,lobsters
8598643346_f6182a055a_o_jpg.rf.ea783b855f775f5aec3387d707775c7d.jpg,110,10,318,242,lobsters
11725592375_e558a3a3ee_b_jpg.rf.e8197a57b2565e0ad9b8ccdc309d842b.jpg,79,76,408,277,lobsters

6534865403_ce05e9fe1e_o_jpg.rf.e7b71f7056d6af063b70d3361079493a.jpg,57,11,411,271,lobsters
15976555288_d2dcaaa2af_b_jpg.rf.ea452217a7ee90ed6b1860b38f2f9f8c.jpg,144,103,364,267,lobsters

11151847946_446fc85fe0_b_jpg.rf.f1d0f32f0d4e4c4efe2fa9ee4a2d0bc1.jpg,156,10,377,263,lobsters
15210833706_c6b55beacc_o_jpg.rf.ec57d67d57fae635d5f5742037666f78.jpg,0,4,277,415,lobsters
6863228213_6b932f786d_o_jpg.rf.ee3bd6877389d018a37fc66a6f81e343.jpg,0,33,414,286,lobsters
11961677413_d615ee9b63_o_jpg.rf.f542566173be88eef0d11448c2f13bbe.jpg,85,46,415,304,lobsters

1315594464_c1d1764de7_b_jpg.rf.efd0894534148efb2dddada1c653c037.jpg,16,55,393,267,lobsters
25096110231_8efc8c6b0c_b_jpg.rf.f79c8b68c693eb022f3f1794d6bb286f.jpg,6,47,413,269,lobsters
31110036502_3c66dc4453_o_jpg.rf.f7d29fe21d3a176dec66105067b51391.jpg,54,65,346,211,lobsters

36412204491_a644004021_o_jpg.rf.f33fbdf3be098252232e02987a31c73c.jpg,0,55,258,328,lobsters
8321688187_bb4944bb63_b_jpg.rf.f6013f752826e1faf81c713931e7a430.jpg,90,34,405,277,lobsters
24437697406_596421d239_o_jpg.rf.f3e6c70a48667b4fa5a8dabbdae4a885.jpg,12,12,386,244,lobsters


9716271426_3c4f6092f9_b_jpg.rf.f04ef3e09885426d753fcb394176d96c.jpg,98,28,308,210,lobsters

5677318920_41ea081dc4_o_jpg.rf.ec2728a830ab3c6ec7de50dcd034f8b2.jpg,44,94,408,284,lobsters
14506516551_7f08f7de99_b_jpg.rf.f318b38ea5e668174713b8bfb4c49f4e.jpg,6,58,363,228,lobsters
21769261429_dc65b94170_b_jpg.rf.efbe2d847dd9a5b7504e42d7d0d58dc2.jpg,0,83,276,336,lobsters
7550142432_4cf69c4df1_b_jpg.rf.f8cb7c1e8e118fc32a4b23e4d7d7b260.jpg,33,40,323,265,lobsters
27414928720_022ba0eb3e_o_jpg.rf.f57bcc1ee8f38a109b27f2269a09ed90.jpg,35,52,367,231,lobsters


5054361541_f205efd0a6_o_jpg.rf.f8323f4ecee8a29c5fbab5490be6314d.jpg,12,30,403,296,lobsters
11013269115_286bd11140_o_jpg.rf.f9741c1d2e02ccc5868dd1ade135ba93.jpg,28,44,369,311,lobsters
2578931870_4316398e4c_o_jpg.rf.ee94bf0d8e594e6fdf79ce78ca7ff726.jpg,51,2,380,303,lobsters
29261152561_4497e4e430_o_jpg.rf.f8aa9c2ef28f2de5fa07f4aaecab7d6d.jpg,0,4,415,296,lobsters
7065633771_b38bc2e7ba_o_jpg.rf.fa920ed95f199520bb59abfd9d8964a4.jpg,66,46,415,291,lobsters
21942475919_c1cc7a47b0_o_jpg.rf.f9caaf7160bab78089bc8216b2db15e7.jpg,8,50,412,291,lobsters
6651769943_a3040bdfcd_b_jpg.rf.fad7b0de55472ff320a9f226f3494981.jpg,18,3,415,284,lobsters
6870150810_bfdf85cf5f_o_jpg.rf.fbccf0c27a0735015e488a81307a3521.jpg,0,0,415,274,lobsters
29966947383_aef23676cd_b_jpg.rf.f9bdcdcd4767452a640b1dfe1c6ab7aa.jpg,102,47,372,213,lobsters
9080237684_8038e7b19b_o_jpg.rf.fa72224db06e1f800ac8f57de7cc9c15.jpg,81,12,305,222,lobsters

17243957402_e1d2049e10_o_jpg.rf.fc4b0f15fedeb669b7abaa7a34c7c63e.jpg,74,86,287,196,lobsters
34409346306_1500deee91_o_jpg.rf.fafed2bf28abda1912f6ab79f9b1380b.jpg,13,56,415,283,lobsters
15840590253_a81bc2c69a_o_jpg.rf.fa9a39b54f9050bbfe2ab31afc447465.jpg,33,98,228,212,lobsters
15840590253_a81bc2c69a_o_jpg.rf.fa9a39b54f9050bbfe2ab31afc447465.jpg,211,59,372,191,lobsters
9893405636_0ba43493f4_b_jpg.rf.fa24fa8ec8cb2cf74f3cfec3371cdd64.jpg,86,47,380,258,lobsters
7941784046_19c114ccbe_o_jpg.rf.fa2cca5513910dc5e88172a1324c606b.jpg,221,51,414,199,lobsters
7941784046_19c114ccbe_o_jpg.rf.fa2cca5513910dc5e88172a1324c606b.jpg,33,86,264,247,lobsters
40732518995_94a8d05ffb_o_jpg.rf.ff0eaa84708b414135b8fd17a87b79fb.jpg,60,57,385,273,lobsters
7992892348_d7b6570d5f_b_jpg.rf.fbde5cbc42da65d43e0fa45fb2caf187.jpg,0,1,415,331,lobsters
7157375823_1974c5573b_o_jpg.rf.ff5ac3cf49244d3db3c45b56e3183136.jpg,117,100,416,279,lobsters
20670420319_d0534a3621_b_jpg.rf.fcf4961a2709b32b43b31f1faa5c7bc6.jpg,1,16,398,259,lobsters
10508592885_c5d0dd4d2f_o_jpg.rf.fd36221c634b3dfc629af0f528420dc4.jpg,130,85,409,247,lobsters
5327944948_f72f63278a_o_jpg.rf.fcece865853c39928705eca4a08d2d3c.jpg,80,79,398,253,lobsters
19445063836_b955112aa5_o_jpg.rf.fdb0834554cdcb52c5ef59080798fadf.jpg,43,61,416,254,lobsters
2735182129_8477a856b7_o_jpg.rf.ffabf8a93db04002fcfbc62bdb3cad8e.jpg,27,57,323,261,lobsters
6721830331_c1aa929157_o_jpg.rf.f8e6bef0c1f17ef6eef33ffb3fc15495.jpg,73,52,324,250,lobsters
6858585266_a816dbf75a_b_jpg.rf.fb4f734a5b353cce58d865bd3eac8ee4.jpg,41,30,415,290,lobsters

22697857756_c77681fb18_b_jpg.rf.ff664acf29ee0cfe8a60e390c3fdf6d2.jpg,15,106,357,259,lobsters
762958469_22d6e0b63b_o_jpg.rf.3a8892c9f0f23c84012b3c8a45cc6d21.jpg,97,153,300,369,lobsters
13972191231_7b6a53e9ca_o_jpg.rf.3dd12ede112696e7fa0bccad672fbe55.jpg,213,204,310,277,lobsters
4827830565_a692c321a9_o_jpg.rf.38ca6f9ab03621094c633d526dcc9263.jpg,0,72,311,393,lobsters
8217020903_64f2bdd060_o_jpg.rf.3b857c2094c0f7970328a090ee8b9064.jpg,38,48,336,263,lobsters
35689212722_9cbd501dae_o_jpg.rf.3ae800a0a2be8157233db75ff3f88850.jpg,87,77,275,242,lobsters

17083898598_9a414695cb_o_jpg.rf.3b7963a5c3c74dfa82b86893c5cb0c36.jpg,119,100,328,230,lobsters
16818842588_27c9ba1995_o_jpg.rf.3c91b920cbf0084efcdaed1d902b3dbf.jpg,74,115,244,219,lobsters
5010559872_c0c4e5b1a6_o_jpg.rf.3deaed5d3b1f489b9801509651c2fcd7.jpg,61,25,415,252,lobsters
5485086352_d5ace36473_o_jpg.rf.39bcba488fe49176d2c1b896a8041928.jpg,13,23,415,312,lobsters
35876597901_af1fbc1c87_b_jpg.rf.3e2fec41c526c19bfa40ce1f2b755032.jpg,77,17,361,235,lobsters

5500826742_bd2e6b4e41_b_jpg.rf.3d447094112422735e52d0389b88dd07.jpg,118,66,360,256,lobsters

15103563701_f634e1b546_o_jpg.rf.3975e7384903e7c63535020e076a3aaa.jpg,89,83,415,289,lobsters
9255214717_a7e2db7f6d_b_jpg.rf.3b3e2c320b8267147f9f2683d1a704f3.jpg,61,42,372,267,lobsters
6638422833_8e51a670d1_o_jpg.rf.3e1a81563d1ed670f3bf9c0c7a213538.jpg,102,86,306,237,lobsters
11575647653_58da21949f_o_jpg.rf.3b886dca741515ee567d8a679065029d.jpg,49,45,415,272,lobsters
14734589567_ed03a90e9d_o_jpg.rf.3ea374425672147e654dc77d26321c9f.jpg,25,125,390,289,lobsters
9500309720_619a179b35_o_jpg.rf.3c7c63647d55da788c2509287c144849.jpg,103,40,364,237,lobsters
10717937634_14df162dbf_o_jpg.rf.3c676ec2cd466a0d940734b1dd56a274.jpg,110,52,379,241,lobsters
3180596845_ff959f5ecf_b_jpg.rf.3ab22374cd83906e805a6686d99f7fc0.jpg,96,76,396,238,lobsters

26817459775_7a332f073c_o_jpg.rf.37ce7675749fc21683c7d6313e5d8308.jpg,0,7,378,270,lobsters
14625701223_c4ba249a2d_o_jpg.rf.3a70bc470c45f2acd6972e338c1f67dc.jpg,92,83,373,270,lobsters

30160410404_9f4dbe7e91_b_jpg.rf.3ef1b1630234b57796391777851115ff.jpg,61,0,416,299,lobsters
2995724094_e604310c95_o_jpg.rf.427503aac1292f2a14168a7292f921aa.jpg,33,37,416,281,lobsters
24661425876_efe2f841f5_o_jpg.rf.3f40af7c42292514c0c85ff38ed0da43.jpg,63,17,377,219,lobsters
13898855755_6b44742ff7_o_jpg.rf.44968c163f7ea33d5991b659b59b2959.jpg,31,38,415,281,lobsters

8216881762_0819d0622b_o_jpg.rf.4639ddb4dd0f04c04ba73ad7d9f9860e.jpg,104,63,294,270,lobsters
6258831884_052031dc4f_b_jpg.rf.3ee2371ce8a4c57f9a0e4ad966816f68.jpg,29,17,415,255,lobsters

8178920304_9cf86d4b30_o_jpg.rf.41a011f4d3632334008407a62d107249.jpg,53,59,349,276,lobsters
6024325757_821ca8ed9e_o_jpg.rf.475fc0735d4afc475785cad25e59beb3.jpg,37,47,416,247,lobsters
36602371870_4bb9dfc426_b_jpg.rf.46c732c833a30d5439f4387f99af6b99.jpg,112,63,359,215,lobsters
5899352104_4062f019f8_b_jpg.rf.48b8cd1509222cfd913fe25e41a8ec1a.jpg,49,40,374,232,lobsters


29409233632_4f46c53e94_b_jpg.rf.4168e352e5f7092aabdd02f56bbb8758.jpg,66,33,323,208,lobsters
18791732372_8b010eb472_o_jpg.rf.47669102a9cfe9a296ac09bc789f9b3a.jpg,106,76,305,208,lobsters
34323024514_41832fc8c4_o_jpg.rf.4445cae92de31bbacf2aa9eb1e81cf13.jpg,31,21,329,238,lobsters
5659284707_65ccf39772_o_jpg.rf.418e9fc303ff71bbdc66463d19b6bbb9.jpg,151,207,277,278,lobsters
9389726193_37c82c732f_o_jpg.rf.46c30449a5d3d30b41738dbc149308b6.jpg,42,38,391,270,lobsters
7215421100_b30624a313_o_jpg.rf.49797819f50d975ba2db983759235ef9.jpg,54,38,407,256,lobsters
33409887636_cd356a63c7_b_jpg.rf.47af7876e90459770212fe871b44d803.jpg,71,53,339,261,lobsters
4682233488_f6f23d7eb3_o_jpg.rf.4b03bce86ff733c974dc487763b1ce9c.jpg,86,30,375,278,lobsters
15539924725_086881f379_b_jpg.rf.3ff529a5c192626aadfe2f83bcae1171.jpg,83,62,330,219,lobsters
10068516014_6a4f5a5dc2_o_jpg.rf.48e3dbc5bd3be77b95806f5b63e4aa22.jpg,75,31,416,279,lobsters
32901994967_f0e999917f_o_jpg.rf.45ef26067666ce3d314ad72d912d23bb.jpg,121,78,344,237,lobsters
9703357591_08bb8342d1_o_jpg.rf.4bd1e07fd0dbd04774c432036ad3c559.jpg,114,101,355,276,lobsters
5412064572_72186b7dba_o_jpg.rf.48fdd779eda382a3db7cfd12f392f071.jpg,57,71,349,248,lobsters
22870536294_31ca695db0_o_jpg.rf.3f3b4163f7573cd1fba2be469f48d71c.jpg,41,59,289,252,lobsters
133019583_51ec5fd132_o_jpg.rf.4be76ce232f791006fb08a53e64b2abd.jpg,56,56,415,283,lobsters
15879625130_baa05fac4e_o_jpg.rf.4a579e38fe7d2bda3e70dad33958a2c0.jpg,0,21,390,279,lobsters

2506415544_552cd88a9c_o_jpg.rf.4ad8de7b584eb5f2f4b076bda97b106a.jpg,53,38,390,226,lobsters
24913711879_7aed9d1311_o_jpg.rf.45301a4aa510809bbc0a39651f4ebda9.jpg,33,6,386,262,lobsters
14761503005_64b65b5888_o_jpg.rf.4b91a36d17fb11cb9f5a5031bbc14415.jpg,0,0,415,251,lobsters
5419375119_016f9ba79e_o_jpg.rf.4ab5563ac6f3e53299cc844add69e830.jpg,155,65,402,207,lobsters
8585727946_817055897b_b_jpg.rf.4caad992daf78c27c8d8d851a68f1952.jpg,8,25,415,276,lobsters
33810099693_be3b63e3e4_o_jpg.rf.4c97937276403bd5cb439d5275651692.jpg,19,50,416,356,lobsters

9726897535_dbf99bf262_b_jpg.rf.4b809e41614d3bc28e6f2f77cab90fbc.jpg,70,42,415,285,lobsters

17312142859_b4bcdb7027_o_jpg.rf.4cfa9fccb57f04e51f11169f7743aec9.jpg,62,18,406,294,lobsters
28446395521_aff1d5b2ba_b_jpg.rf.4c8a4fc5ca4d98f0bfc846f9b6a3390e.jpg,4,98,340,250,lobsters

42679516762_d13b6e0aa2_o_jpg.rf.5056b70b27829f3b03b837e5cd73914d.jpg,156,198,388,309,lobsters
14669995723_7e1c315c8a_o_jpg.rf.4ce233b9b29e820ed8e4008876efbe8f.jpg,150,136,302,241,lobsters
2815591110_3a8f55e844_b_jpg.rf.4cfb806b2d5a106bfd3b70016bbd8dbc.jpg,76,37,406,274,lobsters
4772239701_084c172150_o_jpg.rf.4e4169a706522beb92fff44ebd0f832f.jpg,135,190,344,302,lobsters

15906979915_256e0ed466_b_jpg.rf.51a9187d623763d8136a03222607c863.jpg,27,25,368,209,lobsters

14277577158_25bdf5ece3_o_jpg.rf.50e75141245c08cdf5202615de4ceebd.jpg,115,116,401,245,lobsters
34961386696_0295cbc8a1_b_jpg.rf.52e6f660f5ef3cd0c71407c8d02a44e0.jpg,196,126,279,179,lobsters
5662167570_704eacc417_o_jpg.rf.4e8f5b2f3ced4233de676bc8913ffb02.jpg,91,85,358,292,lobsters
13752165265_dc843c23e1_o_jpg.rf.53c8aef498134efe7cdf6529fd74563e.jpg,16,54,408,260,lobsters
12942467375_1cd9c6b69d_o_jpg.rf.52733aacbef169b67d4b0c163f258b31.jpg,54,147,379,255,lobsters

41218044842_26ca1e2e45_o_jpg.rf.50ae56fc3e330c23badcef1fa99007f1.jpg,44,53,391,311,lobsters
5565621913_14dbd4b318_o_jpg.rf.550dd76e3015da3c67687e709aaec527.jpg,6,94,296,291,lobsters
9392500450_8f191769da_o_jpg.rf.54b00fa845bc5c04456febe71ad604f7.jpg,108,60,380,285,lobsters
7164299163_90765ab3d5_o_jpg.rf.50bbe5c3c881236155fac101b1bd5636.jpg,1,0,416,275,lobsters
8143955230_ef645dcd18_b_jpg.rf.5432e5a13389323cab4a28ba5d3f0298.jpg,0,76,309,350,lobsters
13398304313_f6621fee1b_o_jpg.rf.56ca27ac679c00736fd3efbba957faa3.jpg,54,154,280,301,lobsters
33072032468_d9d63c76fa_o_jpg.rf.5676e781592959947a03f04516fe80dc.jpg,28,4,397,275,lobsters
28969393974_496b4be4b2_b_jpg.rf.53ac9b29573994990cfeeb04620f64eb.jpg,31,45,416,277,lobsters
19455683480_d9b1effd5d_o_jpg.rf.5490ffc85d56c2c78d5ec80634c56840.jpg,85,63,285,252,lobsters
15122911091_6514a1f79d_b_jpg.rf.51795f631515073a0979a15ca0d0fbbd.jpg,117,77,415,280,lobsters
3229637939_05b3ee88eb_o_jpg.rf.58ae4d53aac268db013352f5b50bc489.jpg,69,40,376,246,lobsters
20151699599_f69cebdbe8_b_jpg.rf.58988b94ac31208dfbc8d7a247d3bc18.jpg,74,26,256,174,lobsters
21140856003_84163f4cba_o_jpg.rf.5a364a9ef9830caf9c42d63c088bdedf.jpg,24,36,334,268,lobsters
16018924124_dc5067fb9a_b_jpg.rf.58dd8812a2dcdd39cea994c017365ff5.jpg,104,54,304,226,lobsters
36753169593_c7bd42c6f5_o_jpg.rf.59c03cbf2226c982f680f8bd603f29e0.jpg,66,26,334,271,lobsters
339437585_18cea39e4b_b_jpg.rf.591db51b5f64315f14cbc4a0d1ae23bd.jpg,0,0,401,307,lobsters
15723733365_dcb95ceefe_b_jpg.rf.582c37b36778a27eab414beebbc27d21.jpg,4,1,415,311,lobsters
8097589114_a7a8b9a999_o_jpg.rf.57cbd2d1ec0ca04e0003a22c19b0e5d4.jpg,0,44,415,275,lobsters
10855339414_4090e39390_o_jpg.rf.56f7d63267969074d95c6d593f7bdafa.jpg,31,28,370,265,lobsters
20559675032_0d769dbb08_o_jpg.rf.5a3bec136f4511f8583570d59bc11e6e.jpg,28,141,230,284,lobsters
19878381493_2e6b554d39_o_jpg.rf.5cd4398a16f4a2be299560f7ef3c1f94.jpg,67,97,297,276,lobsters
20808979553_b01be94949_b_jpg.rf.5ad8665a84d0ca251f3483e935492745.jpg,85,3,395,278,lobsters
8725500207_c43f21fe34_o_jpg.rf.5939f25f86fafb95feac5a8625aedb29.jpg,31,70,397,244,lobsters
5010559976_179f90a185_o_jpg.rf.5dc58b6760b359e65a3871eefa362622.jpg,70,45,415,304,lobsters
5207534043_b2931c7662_o_jpg.rf.5c5a4999c00ecb3616669a223ac1144c.jpg,1,0,416,283,lobsters
7108407915_458892c5fa_b_jpg.rf.5d31aeb58ab9f034eb6a53812de091d5.jpg,101,67,353,254,lobsters
5473727048_42c8b66190_b_jpg.rf.5ae1a7638408401a97fd7d3263bf376c.jpg,26,138,96,206,lobsters
5473727048_42c8b66190_b_jpg.rf.5ae1a7638408401a97fd7d3263bf376c.jpg,63,165,146,228,lobsters
5473727048_42c8b66190_b_jpg.rf.5ae1a7638408401a97fd7d3263bf376c.jpg,138,219,255,278,lobsters
9428196323_7437659d8e_o_jpg.rf.5da2ada734d27e69cf6d97557658857f.jpg,101,31,371,234,lobsters
8434616862_f827da9943_o_jpg.rf.5d26dbf1198422fa7eb6541d69ce1a73.jpg,165,60,287,139,lobsters
8434616862_f827da9943_o_jpg.rf.5d26dbf1198422fa7eb6541d69ce1a73.jpg,83,67,202,140,lobsters
37683594845_5b39f9c8f6_b_jpg.rf.5c80b7195c6b4671c6cf8c2e72a38b71.jpg,0,73,276,328,lobsters
4824652526_e85d6ec325_b_jpg.rf.5c307ee40da9f59b5ca3899ef48f5eef.jpg,97,103,333,249,lobsters
14635178147_513fd48087_o_jpg.rf.5a9d03e5d7640238c430da6c482401b8.jpg,17,51,390,312,lobsters
34497303615_953009a974_o_jpg.rf.5e82518b998a35fccd6748bb40dd9b28.jpg,66,0,309,251,lobsters
6095480034_bff4a3882e_o_jpg.rf.5d8f1f795d38b3f7732dc7174e00acf7.jpg,81,32,400,244,lobsters

6201449971_a8ef0c6441_b_jpg.rf.5ee94091ed88b4acf897b6576f352f8b.jpg,52,33,385,271,lobsters
35931814905_2d0745672b_b_jpg.rf.580a5426e269ebaf374b6add489fecef.jpg,29,165,241,349,lobsters
25474405503_c1f4f238f7_o_jpg.rf.5f012b4bcf125d3cc7c511658e9a1088.jpg,58,34,402,260,lobsters
20644079978_930572af02_o_jpg.rf.601eff4d5c7210b651e25546f88b22d2.jpg,95,129,311,214,lobsters
17116712397_0e5d51e68d_o_jpg.rf.5eb73c539811e361ff5be503d81a0506.jpg,92,33,389,251,lobsters
5990191570_536782a88b_b_jpg.rf.638b5121e923a889d60569276a6b1599.jpg,21,70,233,351,lobsters
6459110137_fd394bf1f3_o_jpg.rf.636d0f0e592ffcd52684f8cfe30533d7.jpg,90,71,345,297,lobsters
12313163935_f102594494_o_jpg.rf.622b3b0ef3f8a78af317db4883135b0a.jpg,69,32,404,294,lobsters
15617650553_f2b8bbc5c9_o_jpg.rf.614e7160fe11a72f814379b0cdd33cf5.jpg,133,84,306,255,lobsters
12682500254_e0f5430911_o_jpg.rf.6181371bc81ae71fc09c6cb279d92f67.jpg,77,0,394,184,lobsters
2205497477_b28f1a0073_b_jpg.rf.617aeec0f2ce2cd3028b7779a6013830.jpg,14,89,290,294,lobsters


32448200904_5f31f401e6_o_jpg.rf.63b3458acaaadf5e4813827cb8e7da69.jpg,5,0,416,235,lobsters
6881517893_5289d950ed_b_jpg.rf.64545cc3a88dc08f65f32c3e050e4480.jpg,33,52,415,283,lobsters
19931153405_f1b7cf52f0_b_jpg.rf.6560915028816879e0df48b7b2077126.jpg,8,37,412,371,lobsters
5654624253_551d4b8d01_o_jpg.rf.637110151fac1a14b42bfe8315eddcd9.jpg,27,38,336,240,lobsters
3267255763_e203c47b4d_b_jpg.rf.64e1180eec019f082c234017a30c49ec.jpg,38,69,393,271,lobsters
26816331130_b2ce4d2987_o_jpg.rf.66541bd8e416f81df25b7f7325613cbb.jpg,0,0,415,307,lobsters

24777448361_5371dbd301_o_jpg.rf.64e1f6f4fbfee9fb41b3cf86dac149b7.jpg,15,50,416,268,lobsters
26195640233_4573cfbbc7_o_jpg.rf.5ff4c6482352c1d82050c01328627679.jpg,64,67,391,240,lobsters
372761724_55a243e526_o_jpg.rf.664b5b755a9f6a947eda9fd304b689db.jpg,20,8,407,267,lobsters
33204306733_9ca22ef8c1_o_jpg.rf.67db2e68f897f662f6b38d7c28d6b856.jpg,71,30,358,250,lobsters
501678729_002ca6d5ed_o_jpg.rf.67aeb7982673b315b8d9cabc2f53b1b1.jpg,147,123,353,219,lobsters
6058844079_34d70a85d5_b_jpg.rf.60e2619e2c5d33ea65b3583ad4437055.jpg,133,96,346,225,lobsters
9366566664_aebd99baf9_b_jpg.rf.6959b1505331174984d1ca1d76107552.jpg,174,27,321,165,lobsters
9366566664_aebd99baf9_b_jpg.rf.6959b1505331174984d1ca1d76107552.jpg,96,89,226,220,lobsters
14670997204_8cf6414895_o_jpg.rf.6743b2d7dbb8470e336bab492fdf90c4.jpg,30,21,415,307,lobsters
8772950757_71b63e3c19_o_jpg.rf.68e76c74f5fd266a44af98e2af040942.jpg,59,51,373,261,lobsters

36803571535_0d5fd009c6_o_jpg.rf.68c51bd3d0cef15d2759ed0718283574.jpg,67,54,333,269,lobsters
9955395983_cd3673bc6b_o_jpg.rf.6b17dc12a029cb81cf4c2cf683a11b82.jpg,29,18,343,311,lobsters

5470558888_f8d0ca2caf_o_jpg.rf.67fcfc60c6947296844b5f29221154ed.jpg,10,0,415,277,lobsters

42308296700_2e9fa4183d_o_jpg.rf.6ac2ce9758a565498faaf5bcd7796348.jpg,0,35,415,287,lobsters
34461125605_c65f37b8a1_b_jpg.rf.6c1d3af60525f6d2d985127d76ffc019.jpg,0,1,307,355,lobsters
18091115148_fa841d65fc_o_jpg.rf.69bc519007f335c0135d8fd769fd55e0.jpg,56,82,328,263,lobsters
4772306556_736c0e88ae_o_jpg.rf.6b159b2d249a267910fb83a8093d8658.jpg,298,161,397,243,lobsters
6622601313_68097b043a_o_jpg.rf.6978d663c58f21fd49132895cb8904c5.jpg,23,0,416,311,lobsters
21362106414_de863d12f5_b_jpg.rf.6df0d4014d44eda96c1c88a4f8e7d1e1.jpg,84,76,349,204,lobsters
12124977483_b96610ef06_b_jpg.rf.4e00af529d2a83e6626ebed52525044f.jpg,38,92,301,342,lobsters

28416505117_548d593a8d_o_jpg.rf.69d97e84f572bf3e84d68d3311bf44dc.jpg,74,58,362,237,lobsters
32350361096_9da9177b34_b_jpg.rf.6c3cf28c38273d6e77302c8eea6d3b4c.jpg,121,99,299,210,lobsters
7417644828_95bf7f8a4e_o_jpg.rf.68190d701e567a8abf1e5a28be4cfa28.jpg,23,67,415,311,lobsters

245107811_35d978fe08_b_jpg.rf.6fdb28135dc585a62cd3528c745dad62.jpg,110,106,415,232,lobsters
8478802_bbd87f9ccb_o_jpg.rf.6c554c67b0b71011a0faafd292a9aaac.jpg,7,39,336,312,lobsters
6610074717_203520c9ee_o_jpg.rf.706afddade2f0c2106f7414dc1947842.jpg,81,85,415,158,lobsters
23240538002_a331d07932_o_jpg.rf.6ec297db2c3fbe925655f682abe34230.jpg,107,69,376,277,lobsters
4571712792_f11c3b0e64_b_jpg.rf.70d49a6ec0102e42cf182c817d8a3426.jpg,18,88,408,307,lobsters


9798018363_616f494116_o_jpg.rf.6c6f85132d90306a2232654f88411e28.jpg,27,49,357,311,lobsters
31507551065_7f3a11ff80_b_jpg.rf.7328310d3014c09014bc9c15c7a26389.jpg,99,0,372,267,lobsters

7225705714_e07dd5d57a_o_jpg.rf.7430dd3123c261cd0969c2c684974047.jpg,42,68,371,280,lobsters
21955244558_257bc038a4_o_jpg.rf.73cd137cab7b7d936f7e2d0967f6324e.jpg,63,72,414,273,lobsters
15880826159_732f7d6657_o_jpg.rf.731340bf0ca965ed6d4a4729e8e4c128.jpg,30,73,372,232,lobsters
11340620703_8720f90e49_b_jpg.rf.7404e9d1777b62c6ebd5ec92e173f03e.jpg,148,54,337,285,lobsters
5052498977_281c2ccc21_o_jpg.rf.73b2ae0afcd6e2975d4dd79823282091.jpg,3,29,415,275,lobsters

23129656109_d066c8e0c8_o_jpg.rf.72279eb41aa50f37895f0094e770eec9.jpg,28,72,305,262,lobsters
31861552966_2b13f33941_b_jpg.rf.6ecad3d82bc8c5f0ed98ce258d9f19b1.jpg,141,182,285,269,lobsters
5837478761_d67a34ed03_o_jpg.rf.766325a4a752926d3e09bf9fa332fca8.jpg,43,11,415,303,lobsters
9438788740_c5aa3bf307_o_jpg.rf.78d4e3c3a6d2bb4c897f3f41774e1836.jpg,28,25,359,201,lobsters
6881517279_304c54bc56_b_jpg.rf.753287abefa81c837e59dea0c5d38eac.jpg,0,62,415,270,lobsters
6170509126_b775759269_o_jpg.rf.7816680caecc1ff9ba2c4d07acea0ffe.jpg,45,35,414,258,lobsters
14784953011_d36afe80f8_b_jpg.rf.747b9e3d65365ef971de83af525d06a2.jpg,0,4,415,311,lobsters
6747049673_426964d774_o_jpg.rf.73095492068fa600552ce8cb340601f8.jpg,125,20,416,168,lobsters
8421204740_9637268425_o_jpg.rf.7a74b9b8290e2bf7a111de8636350f6e.jpg,101,61,415,295,lobsters
22907128084_b192748a01_o_jpg.rf.7af7887313af3b81d6bacc5fb149f7e4.jpg,100,108,324,238,lobsters
40542636920_5d193195bd_b_jpg.rf.7993f7e7fc26a191e06e0b9b2601ad36.jpg,85,89,223,197,lobsters
9139196985_18bd2b791d_b_jpg.rf.7969652405834c731f365558947c9c00.jpg,60,10,405,235,lobsters
15816483968_26f6c39328_o_jpg.rf.67fdcb121ef5a3182eadfa3da5e7294f.jpg,0,47,372,335,lobsters
6924953039_2b3e61fd28_o_jpg.rf.7a9d00804bc6891287167b800975e1fb.jpg,84,35,166,96,lobsters
16695493994_fe0d19f3cc_o_jpg.rf.75e8d8adc220a596884f849e4d320657.jpg,35,46,353,234,lobsters
8529398227_befe00fa7f_o_jpg.rf.794da49ff9e3e4773a6e08e3c6619c6c.jpg,58,48,415,286,lobsters
8573126612_c898735ee7_o_jpg.rf.7bf8345c3bc2bec3260e903f5da065df.jpg,43,17,364,217,lobsters
15697947190_3860733ec3_o_jpg.rf.774a4515427716413fac01ea15486a66.jpg,90,32,346,276,lobsters

5577380526_1ea34e10e2_o_jpg.rf.7b838ee15f495bd7c04cb474e608272f.jpg,181,87,308,166,lobsters
5577380526_1ea34e10e2_o_jpg.rf.7b838ee15f495bd7c04cb474e608272f.jpg,101,67,260,243,lobsters
35002921322_2c9ef58ca3_o_jpg.rf.82fd34f183effd5f0d34d97a3a92e553.jpg,31,36,415,276,lobsters
19437048019_f113ca3000_o_jpg.rf.7e057c5c02741418d50941189d6a3774.jpg,109,76,346,216,lobsters
5928244284_99ea56a14e_o_jpg.rf.81809bc378f8fcf90221ab38a756659b.jpg,82,159,276,257,lobsters
15800739413_98c141e8c2_o_jpg.rf.7c1ab602ef979b5d008fa2e2573dd8f0.jpg,100,101,360,216,lobsters
14285975464_0936620aa5_o_jpg.rf.8246e19e2513a26741ec798a251784a6.jpg,127,0,415,294,lobsters
6774560994_1edb949c57_b_jpg.rf.8372c551693d1404c23364581c7cd9fc.jpg,64,88,289,334,lobsters
5611909661_7068a42287_o_jpg.rf.7790d87704f8503071940db8f205338e.jpg,13,14,416,256,lobsters

5918767115_8048459ffc_o_jpg.rf.875f5df10f6b3cca4659f522d4206724.jpg,24,42,415,295,lobsters
14763350612_6f38a3ce73_b_jpg.rf.81ca591862b5dbca47bc0f4201a9b0c8.jpg,106,50,361,222,lobsters

6083195537_4e489a3561_o_jpg.rf.7b9df50d993d60f1075166e7a490c15b.jpg,34,60,415,291,lobsters

14001951704_322dd8dd70_o_jpg.rf.85276e6266de3839a369f46a70a80b5f.jpg,32,26,415,297,lobsters
21205524171_55bcc0a69c_o_jpg.rf.862618437cd6f0a2d53b453bf5237b38.jpg,3,80,323,307,lobsters

5153882356_e2e25221fb_o_jpg.rf.881f4e9ce730810dc12a422fdc1553ce.jpg,14,65,341,261,lobsters
29966944213_a8dce681ef_b_jpg.rf.777c0f34cedecac7c5ecbf9b7454ead6.jpg,81,49,322,228,lobsters
29276632984_e01d105d11_b_jpg.rf.8122191400a4f49c8f056dc25077e1c2.jpg,32,37,338,251,lobsters
16934546858_248c6c1921_o_jpg.rf.7d049369ed98f0261ed53663a0ecce79.jpg,151,113,276,168,lobsters
7623559868_8174648653_o_jpg.rf.88f297b91bb59d9dd01f92b2bf8fbf17.jpg,4,40,303,251,lobsters

15761222537_55f04162ae_o_jpg.rf.8bf2344892274f4c4e85a4910d9f4ee9.jpg,66,171,270,269,lobsters
5989668018_87e5296280_o_jpg.rf.8a4db68b596cff0a7fa561d7f350fbf0.jpg,68,41,383,296,lobsters
7004702635_e14330882f_b_jpg.rf.86315e9767b7ad432dbf62298f618f1f.jpg,0,53,415,312,lobsters

36941364065_03aaa92e81_o_jpg.rf.8a9ffe17afa5d98af40be22c383333c6.jpg,65,42,326,251,lobsters
9344056915_509b77d124_o_jpg.rf.8b518bc31a362aa9b831442a5e8be9dd.jpg,106,87,337,245,lobsters
13044917185_99a0b8906a_o_jpg.rf.8a0bd9a27df5487c81d5c1941b079cd4.jpg,0,26,415,303,lobsters
6506565571_2e6bc0ba3a_o_jpg.rf.8798c9a18af5b8c99ab2de0d230e45f2.jpg,44,38,322,230,lobsters
37376812322_05ebbc239e_o_jpg.rf.8d42600e467f4c33c8dd97e7749bc7f2.jpg,55,9,414,304,lobsters

9451983873_064d241cb4_b_jpg.rf.8ccbc1d1462235723ca263881a10069c.jpg,41,87,415,305,lobsters
16989449052_5ba1b9080a_o_jpg.rf.8defa8596af39a6c1a58b47d8e927d2e.jpg,92,99,226,155,lobsters
16989449052_5ba1b9080a_o_jpg.rf.8defa8596af39a6c1a58b47d8e927d2e.jpg,26,120,149,193,lobsters
16989449052_5ba1b9080a_o_jpg.rf.8defa8596af39a6c1a58b47d8e927d2e.jpg,174,144,330,232,lobsters
36801648251_9bf7f1a6c5_o_jpg.rf.8b34b84e7a7912f7dca8d5bee82b5a00.jpg,81,60,311,245,lobsters
3803431611_94de5a21c5_b_jpg.rf.8deed3af19d73bab96e105fc78550164.jpg,0,1,319,290,lobsters
5491105346_a2edfc3edd_b_jpg.rf.8d57407741d88864ef68ad6b360ff58d.jpg,119,108,340,247,lobsters
16848476165_ee4c898faa_o_jpg.rf.9016760e029e667b71f8d1247a361988.jpg,20,175,277,328,lobsters
15859434936_13d85d799b_o_jpg.rf.91cc9fca69239a22e7aca810f8336527.jpg,101,98,392,252,lobsters
19528615166_4d83dfdb95_o_jpg.rf.92352af0bad44f184138e29afb742bfe.jpg,42,74,328,252,lobsters
8020858279_010e394bd4_b_jpg.rf.9196657e9dcce5c7abd1387f661b4c37.jpg,40,43,408,255,lobsters

6267255708_5d0534b4ec_b_jpg.rf.8ff094906612cd4deaba12be7fdaa663.jpg,64,59,390,225,lobsters
28382709735_fc1ef8487e_b_jpg.rf.92752bd1a79a4f86b9d3ca41fcb76212.jpg,0,28,307,311,lobsters
37088667550_9322688886_b_jpg.rf.904c8c7e09c48a1fbf31d772897a3f5c.jpg,84,49,384,270,lobsters
15490750464_fecea70b35_o_jpg.rf.928344e7afc13d67aef59bee9f428a62.jpg,100,116,323,233,lobsters
5822496949_8a815719d7_o_jpg.rf.9396158ef0eb87c36ae8631ef675a945.jpg,55,53,317,223,lobsters
4731965005_669c402194_b_jpg.rf.93850d0c93352a394cc45ce24108475e.jpg,79,103,370,244,lobsters
14313084419_e1217abc8d_o_jpg.rf.92a008087d192b4d71424f1ff1f508e3.jpg,167,63,332,205,lobsters

8586618361_d15cba6137_o_jpg.rf.02480fdb98c2c1d1415fb76e6412aebe.jpg,8,11,362,221,lobsters

32897336627_e3b0ef86ff_o_jpg.rf.00aa5da0198ebdbe12c6514f2fa0b42a.jpg,0,39,415,305,lobsters
6358039693_f65e27793f_o_jpg.rf.0307eac06a7ca986b5f704c787d98a45.jpg,33,34,369,255,lobsters
584258752_9ebb2b410b_o_jpg.rf.03ff0880226067dcf4ace83933ade3e8.jpg,40,63,399,259,lobsters
8438046466_a36e27c373_b_jpg.rf.08f4c8bc2922761425baa3f9455b148b.jpg,2,0,331,415,lobsters
34456176126_821659311c_o_jpg.rf.03a2d8101a15c5e4c65f9c5f3a4b5e24.jpg,13,75,369,319,lobsters
8713050522_9b62a241e0_o_jpg.rf.04ea5e3bb7adbe3a5eac1da2dd0531e1.jpg,119,102,280,236,lobsters
7849057574_271e773588_o_jpg.rf.043b0a9766ff0e9a8caa8d5c33f968c8.jpg,32,51,269,217,lobsters
34247496961_aa9d08759c_o_jpg.rf.0615f4b91d990ae81261f39768ae293f.jpg,66,8,309,256,lobsters
8439134449_8832538870_o_jpg.rf.05aa0cd7755b5d90a6cfbac91452d7f7.jpg,13,0,397,240,lobsters
5340523827_c0c1605b15_o_jpg.rf.0870b853813f4601f1d7c1440177e641.jpg,1,2,416,306,lobsters
6936575007_e57200a358_o_jpg.rf.051dac5870f2861232b8a3bdc9376543.jpg,59,58,415,235,lobsters
2601603315_690e84e912_b_jpg.rf.0929c3140ff94d44a77ea3e0a4bed304.jpg,19,104,133,209,lobsters
2601603315_690e84e912_b_jpg.rf.0929c3140ff94d44a77ea3e0a4bed304.jpg,225,103,409,264,lobsters


6226836322_20045ab551_o_jpg.rf.07bcf2e4346f097f8b49e3e827801eec.jpg,24,22,364,415,lobsters
4572892487_5470086770_o_jpg.rf.094270ac199631383ac00e6768b8f073.jpg,0,11,415,311,lobsters
2204652878_2981f5b52f_o_jpg.rf.0623aec0cabb16622ee6a798a29b438a.jpg,22,77,382,280,lobsters
11532301854_56df7a8773_o_jpg.rf.00ec56230a63874b784a1f0f5e1956bb.jpg,56,0,415,291,lobsters
6213623112_6955a44235_o_jpg.rf.08eb9838b5ac4d34fa7b6e63f5561267.jpg,61,97,348,301,lobsters
11959305895_36b368e68d_o_jpg.rf.0b8619935246198e3ba9bc338c2efe81.jpg,5,41,416,304,lobsters
5490319420_be032e95fe_o_jpg.rf.07b494d932475bb0e6242d90c91b6e77.jpg,70,81,363,257,lobsters
4712185281_c028183eb3_o_jpg.rf.0bbc114739fc849cbf8733224b82becb.jpg,20,64,413,274,lobsters
4712185281_c028183eb3_o_jpg.rf.0bbc114739fc849cbf8733224b82becb.jpg,140,0,384,150,lobsters
6054776548_a55a82b3e3_o_jpg.rf.0bef437b49763e454f12a27374553f81.jpg,0,118,311,413,lobsters
7993001855_41f9f19e86_o_jpg.rf.0c9676619a65bb5cbd1f87ea8afb7f7a.jpg,25,23,377,241,lobsters
26675133096_7d8b2421b8_o_jpg.rf.0cb096785943f56c71bb7caa8f83944d.jpg,27,48,370,286,lobsters
5917120185_91d782c110_o_jpg.rf.0921512602552962d73e734398e44fb0.jpg,191,68,249,145,lobsters

30594454188_4aa5c487c4_o_jpg.rf.0b0c2a25e86c9425dc1212eab08ae3b1.jpg,31,19,416,312,lobsters
6315724703_7e653cc6e7_o_jpg.rf.0f040697be93c25d2fde966bc06c1bc5.jpg,0,0,415,275,lobsters
2693337193_903f3e4e05_o_jpg.rf.0c6dbe16586810b47758ecadc3867a77.jpg,28,54,329,233,lobsters
16486170504_69b2813601_o_jpg.rf.0be6b1c74b53f903054f75de9dd9e4db.jpg,4,0,415,276,lobsters
16103031012_5f8706024f_o_jpg.rf.0ba0cce6868f971b29e304f76ee3c477.jpg,51,119,388,257,lobsters
17131732591_98affa88fd_o_jpg.rf.0ccd59c254e268c11adac5433bacd88e.jpg,129,69,416,207,lobsters
7879356236_8aae81321b_o_jpg.rf.0ea7aed6f1cde6541e03028897b3c447.jpg,100,83,368,289,lobsters
4884114285_ecf5327be8_o_jpg.rf.0e89476fef3b93c522e78a954e9512a0.jpg,40,24,382,286,lobsters
26527504820_c1ca06c6fa_o_jpg.rf.0c18f9460e444a94da55bcf3806cf6a2.jpg,27,46,382,277,lobsters
9440797843_1a882e89d1_o_jpg.rf.0df690f917099719aed20fdf2268807c.jpg,87,86,382,287,lobsters
28811978833_159385c14b_b_jpg.rf.0f5b2e080fd42ace83872c27c7faeab3.jpg,39,38,415,278,lobsters

17511783535_3ab0e13918_b_jpg.rf.1062bf5ae53ece69949b4f0dba12573a.jpg,102,66,331,209,lobsters

13429680144_7fb0023332_o_jpg.rf.0f9639540c4ea43f2469efa3b5cc6116.jpg,1,120,310,380,lobsters
15717776763_3b8499b2e1_o_jpg.rf.0fe30ef6460fa3831dc01184c7a9293c.jpg,40,211,267,379,lobsters

25029381671_a9af7fb940_b_jpg.rf.131a5edbb0085f58fcd5f9cfca62902b.jpg,13,88,255,332,lobsters

22963517204_158bdf735b_b_jpg.rf.12c582229ede5d37a238b93ea00d8dfb.jpg,99,164,220,237,lobsters
22963517204_158bdf735b_b_jpg.rf.12c582229ede5d37a238b93ea00d8dfb.jpg,202,193,328,247,lobsters
12045478874_49da4764da_o_jpg.rf.11e6b26ba6efd451b88fcf15d4de24df.jpg,0,87,311,342,lobsters

18706051885_0376bf4725_o_jpg.rf.0f68c09379bb298357f766ad20382e59.jpg,0,63,261,311,lobsters
68617648_dd4feed908_b_jpg.rf.101f4d8a26c154ac7dc385b50bbcdea5.jpg,42,52,375,354,lobsters
4985351814_4ca1169504_b_jpg.rf.130a71a7657f2059e865916343989b4a.jpg,203,132,388,221,lobsters

8641143333_b8452dbe13_o_jpg.rf.11b6d9c9d294d1fb0b0b65b993489ffb.jpg,71,66,385,194,lobsters



21944053562_0544828eb6_b_jpg.rf.13e988136e6c516bb34831799a385d5f.jpg,36,65,348,244,lobsters
17136262728_16913d2239_o_jpg.rf.17c8896207d576609f94b637fd55b357.jpg,61,36,380,283,lobsters

9369460312_a5b6d357ca_o_jpg.rf.1627912e0033f24ee4357a746012bcee.jpg,75,22,370,275,lobsters
5535322562_ea154bc9d6_o_jpg.rf.19751b0ae9c5819569f8c08654882df9.jpg,45,71,346,211,lobsters
28174834831_bbe82f0414_o_jpg.rf.1ad0523c439ff96c4460110153932db1.jpg,44,44,386,269,lobsters
16105952710_5acd9f73d7_b_jpg.rf.18e1c60c88e2580f9d8e1b67586bb742.jpg,3,4,415,276,lobsters
32901994797_86379c0dde_o_jpg.rf.1882df0fe9e784d088777064fa1304da.jpg,30,21,371,247,lobsters

19448351381_c82e1d16e0_o_jpg.rf.19a868f702320dde538b619a3da34d0e.jpg,20,0,373,222,lobsters
6185422187_378a22f1d7_o_jpg.rf.19dde21a08ad32f4c353ef0f8ae3000d.jpg,14,64,257,263,lobsters
26243397725_0eb5e37cc8_o_jpg.rf.148998805678cb557186dac71c4ce19a.jpg,27,127,228,233,lobsters
5963894905_0d455cee45_b_jpg.rf.1e2d9039887c3839773eb75b9a68c90d.jpg,100,65,373,237,lobsters
652828_3410dbfc6b_o_jpg.rf.1cbe9d6dfc109a13c16f1e1c45cc0a37.jpg,85,48,362,245,lobsters
7225702648_3f0468bc5c_o_jpg.rf.1ae45dd221a37fcfc47bf38b2aa87236.jpg,77,33,391,310,lobsters
5230467836_e01ac4e222_o_jpg.rf.1819b2de71c6eb450ed9c93aadaa95c3.jpg,129,112,415,269,lobsters
2540428334_d2ddc8a77e_o_jpg.rf.1a02af34b8286d8b015fe6bc46919f3f.jpg,102,65,397,285,lobsters
4963084378_44a7cdc733_o_jpg.rf.144100c6595d81a21c34bcfd53bee51b.jpg,57,57,370,225,lobsters
21411172836_a420e151a8_o_jpg.rf.1bd6bd56b1e90b52d2d1d1a974fdceae.jpg,0,28,415,296,lobsters
7791502300_1183b1c20d_o_jpg.rf.1c78755b49979ba862843ba4a7f9aa38.jpg,29,36,404,247,lobsters

15352593196_82fe97d0fc_o_jpg.rf.1f619d77487049f3544672dbd6c0c3fc.jpg,9,21,415,295,lobsters
21750218232_ed3af2c635_o_jpg.rf.1eaeb600121136748abcfbef866a80d5.jpg,17,49,416,312,lobsters
5495540485_2038c8eb78_o_jpg.rf.20e0aaebf68bab8d409c69307b730a5b.jpg,44,97,197,196,lobsters
5495540485_2038c8eb78_o_jpg.rf.20e0aaebf68bab8d409c69307b730a5b.jpg,237,118,415,274,lobsters
5495540485_2038c8eb78_o_jpg.rf.20e0aaebf68bab8d409c69307b730a5b.jpg,104,46,297,156,lobsters
2539689425_bcab503e80_o_jpg.rf.23082e203c312e2fab8c6de8e5399162.jpg,111,43,362,240,lobsters
36130917314_843acf59d8_o_jpg.rf.205e5b3b6f16f2b10cb001e2897cbfbe.jpg,17,0,384,388,lobsters
2083187016_58fb466c03_o_jpg.rf.13a4e096847ea63b61caf472499e9a6a.jpg,54,68,355,275,lobsters

15120965235_5d3e704783_o_jpg.rf.266662dc08affd8b5fc201590c7277b4.jpg,53,229,287,401,lobsters
7116794545_86dc7230b1_b_jpg.rf.24a2d8ad41e887df2fad86dd7eb8690b.jpg,48,152,299,373,lobsters
6061280987_d7ed230cd6_o_jpg.rf.213cbadc95fe472c4a30e3c0cfd5880c.jpg,158,117,379,278,lobsters
26526760010_053829eca4_o_jpg.rf.2789543384de63335c600b6f66138fcc.jpg,29,47,410,353,lobsters

19813292328_7b259b5602_o_jpg.rf.2369f862493705f41751561c0cf3d893.jpg,53,98,356,283,lobsters
6212084692_054fb777ed_o_jpg.rf.21821cdb92f6a1dacc41f96e08cd620f.jpg,47,75,373,277,lobsters

27488814001_3bbaed8d6a_o_jpg.rf.29c0bb2d477eb33d9b5ea9a54e732d90.jpg,0,87,311,306,lobsters
3748348524_c1055ac85b_o_jpg.rf.153e008cedaecd7028e190e8b05bd164.jpg,51,77,312,279,lobsters
8471687958_a620681ed5_b_jpg.rf.2a3bb2e21653701a2aef21d6ad981115.jpg,115,50,326,154,lobsters
18238581732_1b2f1ea2c8_o_jpg.rf.25b7dd4c947d6bb2d1643fb41a96c6d7.jpg,47,60,359,194,lobsters


16366200779_c62bdf33a6_o_jpg.rf.25ff5a8ac1e9e3d26a40b6e781f3a742.jpg,6,92,265,264,lobsters
4479236437_2f41c55635_o_jpg.rf.24036a174737050f3bf8c721488e20f4.jpg,90,54,405,201,lobsters
8173994846_dcfc2ae562_o_jpg.rf.2525b2c9179877e3d3531023625b7fae.jpg,9,51,415,312,lobsters
6388934475_d81167ca6a_o_jpg.rf.2c4d98cd032b3655c4ad0dd00dbe5c01.jpg,79,14,415,268,lobsters

8330544955_987fe59bc7_o_jpg.rf.28954cccab82941688a130dd305b1ee4.jpg,49,19,396,391,lobsters
5354790156_719b831366_b_jpg.rf.2d3919d1a5a8bb31bfa4ee99689eeec1.jpg,49,14,415,263,lobsters

18909191463_dc7ef0b5d3_o_jpg.rf.2aed706b3cf15176e8d00e81763bc142.jpg,55,25,317,225,lobsters
8631025039_a5011b6b6e_o_jpg.rf.2bfec2d925dac973edd4980ca0ca9e40.jpg,57,68,407,246,lobsters

5896625047_84aa82af70_o_jpg.rf.2d0302dd9aaa254a6524f45c13f9c586.jpg,109,78,358,250,lobsters
8544979859_5181cbc20e_o_jpg.rf.27e093b436bcd5fd1f5da7f071ef48e8.jpg,98,57,394,265,lobsters
8434383052_e3ff0955de_o_jpg.rf.2d6075c6622b73fd000e035829a3378f.jpg,53,58,415,302,lobsters
13999197270_2e590d573f_o_jpg.rf.2a0fb1bbbd27231f4c74dfbbbd548ed4.jpg,0,93,168,236,lobsters
13999197270_2e590d573f_o_jpg.rf.2a0fb1bbbd27231f4c74dfbbbd548ed4.jpg,141,130,415,277,lobsters
44104652122_6e1b5f056d_b_jpg.rf.2ee79b2d7c0e5859f525fd9ca3463bf6.jpg,112,101,366,265,lobsters
36123638424_1c071c972d_o_jpg.rf.2d5ddd0ca7fc83755fd2288be752606a.jpg,104,66,279,196,lobsters
7394736424_d01f8b91c2_o_jpg.rf.3379a10f9406087d92c01a2593c7fdc8.jpg,0,120,297,352,lobsters
7721952750_ba4c1bd1df_o_jpg.rf.317058ee557640318faff97c6aa6094e.jpg,0,28,415,231,lobsters

18516016074_97fe64515e_b_jpg.rf.2f3a88aed8088425ba5d9f26d7cf1e92.jpg,0,65,307,365,lobsters
9565428523_a3022c984a_b_jpg.rf.2f9c7c2091b047bd7ae683903b4ec958.jpg,45,38,350,253,lobsters
512000824_984fdf3d8c_b_jpg.rf.2f275df14b4f81d1eb3670c150b21f6c.jpg,65,5,361,279,lobsters
5354023567_9a36f9f906_b_jpg.rf.348303dff2126cc7bea5f211b4cdc1f4.jpg,30,50,404,234,lobsters


5984329763_471b17407e_b_jpg.rf.2e3158bfb917be70a4247d715d342cc8.jpg,12,17,339,276,lobsters
246424334_26bb692da4_o_jpg.rf.337a0c705e9988a59adf096287424359.jpg,37,23,415,279,lobsters
16958377438_9e4f9b105b_b_jpg.rf.2af702df13f9d2f82fa5fa8556a8ac34.jpg,102,96,293,178,lobsters
16724593753_54c50dc7c4_o_jpg.rf.33e4a265eeaa88325b2bb69ebb2448d0.jpg,20,86,392,334,lobsters
6701474735_06279e0283_o_jpg.rf.35b66a1f6b512a80c4af721309cd9583.jpg,25,39,416,291,lobsters
4764799431_29d6a67cd3_o_jpg.rf.30a330dde970fc635f51575a73d26433.jpg,66,54,415,243,lobsters
127829667_9d4e92e16c_o_jpg.rf.3635b35fb53a4a20a8c0b05566c351e8.jpg,57,80,375,272,lobsters



6058456684_8243db3194_b_jpg.rf.30db4bcc62bff153202d72175a6baa69.jpg,71,48,227,178,lobsters
27935472995_b3bd0e7294_o_jpg.rf.3595ddbca9a684f89f2ffd2ade96a0af.jpg,22,34,376,241,lobsters
32125471364_18639e5a12_o_jpg.rf.368a48f55349b69d04f855ef1f53fce0.jpg,59,101,416,311,lobsters
1191669569_08b95ecd57_o_jpg.rf.3239dd1b460262922841763fe40def70.jpg,28,47,356,251,lobsters

5430186449_ab7a4ff644_o_jpg.rf.36d0b700fa6cf55465fda4cdc67cf079.jpg,35,67,349,241,lobsters
13964394414_c15dc672fc_b_jpg.rf.36fe5345490d77d149bdcf1a99b9e3bd.jpg,41,18,359,289,lobsters
23296007370_095bb322d1_b_jpg.rf.3625af1f1c01601fdf8c15d7398cd07a.jpg,98,67,240,198,lobsters
23296007370_095bb322d1_b_jpg.rf.3625af1f1c01601fdf8c15d7398cd07a.jpg,205,105,346,222,lobsters
7277075276_21ec694fa2_b_jpg.rf.36ac32c2e7bdb65904fdae9c0d72f828.jpg,117,28,416,275,lobsters
7277075276_21ec694fa2_b_jpg.rf.36ac32c2e7bdb65904fdae9c0d72f828.jpg,0,70,307,275,lobsters
29510698996_aa6b0ec8d6_o_jpg.rf.379d9fb0814d9880dfcbb796c9991050.jpg,48,28,388,226,lobsters

24595664986_0c631318f5_o_jpg.rf.366708a2dac4d39f504b3a97aab2b782.jpg,10,43,390,280,lobsters
